tx_index,window_start,window_end,tx_count_1min,explanation
0,1746826560000000000,1746826620000000000,540.0,"Transaction Activity Anomaly Report

1. Statistical Comparison to Historical and Network Norms:
The provided transaction activity of 540 transactions within a 60-second window is significantly higher than Bitcoin's typical historical and network-wide norms. On average, the Bitcoin network processes around 3-7 transactions per second. Even during periods of high network activity, sustained transaction rates above 10 per second are unusual. A rate of 540 transactions in 60 seconds equates to 9 transactions per second, which is nearly 3 times the upper end of normal activity.

2. Potential Suspicious Behavior Patterns:
This concentrated burst of transactions could potentially match several suspicious behavior patterns:
a) Mixer or tumbler activity: A high volume of transactions in a short period can indicate the use of mixing services to obfuscate the origin and destination of funds.  
b) Coordinated fund dispersion: The rapid outflow of funds from one or more addresses to many others can signify an attempt to quickly disseminate funds, possibly related to illicit activities.
c) Network congestion attack: Malicious actors may flood the network with a high volume of transactions in a short period to cause congestion and potentially disrupt legitimate activity.

3. Plausible Legitimate Causes:
While the observed activity is anomalous, there are some plausible legitimate scenarios that could explain this pattern:
a) Large batch payment processing: A business or organization processing a large batch of payments, such as payroll or mass disbursements, could generate a concentrated spike in transactions.
b) High-frequency trading: Automated trading algorithms executing a high volume of trades in response to market conditions might result in rapid bursts of transactions.
c) Network stress testing: Developers or researchers could be conducting stress tests on the Bitcoin network to evaluate its performance and resilience under high load conditions.

4. Final Summary and Recommendation:
Given the significant deviation from typical transaction activity patterns, this event should be flagged for further investigation. While there are plausible legitimate explanations, the anomalous nature of the activity warrants deeper analysis to rule out potential suspicious behavior.

Recommended next steps include:
a) Analyzing the specific addresses and transaction patterns involved to identify any known indicators of mixer usage, fund dispersion, or other illicit activities.
b) Monitoring for similar patterns of activity from the involved addresses in the future.
c) Collaborating with other analysts and law enforcement partners to cross-reference any associated addresses with known suspicious activity or ongoing investigations.

By prioritizing further investigation of this anomalous transaction activity, we can proactively mitigate potential risks and ensure the integrity of the Bitcoin network."
1,1746826500000000000,1746826800000000000,,"Blockchain Forensic Analysis Report

1. Statistical Anomaly Assessment:
The provided transaction activity window spans a 5-minute period (300 seconds). Without additional context about the total transaction volume or value, definitively determining statistical anomalies is challenging. However, a complete lack of transactions (tx_count_1min = nan) over a 5-minute window is unusual, given Bitcoin's consistent global transaction throughput, which averages 3-5 transactions per second. Such inactivity warrants further scrutiny.

2. Potential Suspicious Behavior Patterns:
- Coordinated Transaction Halt: The absence of transactions might indicate a coordinated halt by a group of entities, possibly to manipulate market perception or stage subsequent activities.
- Network Congestion: A sudden drop in transactions could be a result of a deliberate network congestion attack, causing transaction processing delays or blockages.
- Calm Before the Storm: The inactivity might precede a burst of high-volume transactions, possibly related to mixing services, bulk fund movements, or market manipulation attempts.

3. Plausible Legitimate Causes:
- Technical Issues: Temporary network or node disruptions, such as DDoS attacks or infrastructure failures, could halt transaction processing.
- Mempool Clearing: A prior buildup of transactions in the mempool might have been rapidly processed, leading to a brief lull in activity.
- Natural Variance: Although rare, occasional dips in transaction activity can occur due to natural fluctuations in user behavior or market sentiment.

4. Final Summary and Recommendation:
The absence of transactions over a 5-minute window is statistically unusual and warrants further investigation. While technical issues or natural variance could explain the inactivity, the pattern might also indicate suspicious behavior, such as coordinated transaction halts or network congestion attacks. It is recommended to:
- Monitor the subsequent transaction activity for any unusual spikes or patterns.
- Analyze the transaction history of the entities active before and after the lull period.
- Cross-reference the timing of the inactivity with any known network incidents or market events.
- Collaborate with network administrators to rule out technical disruptions.

In conclusion, this activity should be flagged for further investigation due to its statistical rarity and potential association with suspicious behavior patterns. A more detailed analysis of the surrounding transaction context and entity relationships is necessary to determine the underlying cause and assess any potential risks to the Bitcoin network or market integrity."
0,1746907740000000000,1746907800000000000,90.0,"Bitcoin Transaction Activity Report

1. Statistical Unusualness:
The provided data shows a transaction count of 90 within a 60-second window. Historically, Bitcoin averages around 3-5 transactions per second globally. This equates to 180-300 transactions per minute on average. The observed tx_count_1min of 90 falls within this normal range and does not appear statistically unusual compared to Bitcoin's typical network-wide activity levels.

2. Potential Suspicious Behavior Patterns:
While the transaction count itself is not anomalous, certain suspicious behavior patterns could still match this data:
a) Mixer or tumbler activity: If a mixing service batched a large number of user transactions into this 1-minute window, it could produce a concentrated burst of transfers. 
b) Dusting attack: An attacker could be sending small amounts of BTC to many addresses in an attempt to de-anonymize wallet clusters.
c) Coordinated fund dispersion: A single entity might be distributing funds across multiple wallets in an abnormally synchronized manner.

3. Plausible Legitimate Causes:
Alternatively, there are plausible legitimate scenarios that could explain the observed transaction spike:
a) Large batch payment processing: A business or organization could be executing a high volume of scheduled disbursements to many recipients at once.
b) High-frequency trading: Automated trading algorithms may be rapidly executing trades, causing temporary congestion.
c) Popular address activity: If a high-profile address suddenly becomes active, it could spur a flurry of speculative transactions from the public.

4. Final Summary:
Based on the provided data point alone, I would not definitively flag this activity for further investigation. The transaction count of 90 per minute is within Bitcoin's normal baseline range and is not inherently alarming. However, the concentrated nature of the activity within a narrow 1-minute window does warrant placing this event on a watchlist. I recommend monitoring this alert for additional contextual signals that could strengthen or weaken the suspicion of anomalous behavior. For example, analyzing the specific addresses involved, transaction amounts, source of funds, and post-transaction flow could help distinguish between malicious, normal, and false-positive scenarios. Ongoing vigilance is prudent, but immediate escalation based solely on this data is not justified."
1,1746907500000000000,1746907800000000000,,"Cryptocurrency Transaction Activity Report

1. Statistical Anomaly Assessment:
The provided transaction activity data, showing the tx_count_1min as ""nan"" (not a number) over a 5-minute window, is highly unusual compared to Bitcoin's typical network behavior. Under normal conditions, the Bitcoin network processes a steady stream of transactions. Even during periods of lower activity, it would be extremely rare for no transactions to occur within a 5-minute timeframe. This lack of numerical data strongly suggests an anomalous event or disruption.

2. Potential Suspicious Behavior Patterns:
The absence of transaction count data could potentially indicate:
a) Network Congestion Attack: Malicious actors may have flooded the network with spam transactions, causing severe congestion and disrupting normal transaction processing. This could be an attempt to slow or halt the network.
b) Eclipse Attack: An attacker may have isolated a portion of the network, preventing those nodes from receiving or propagating transactions. This localized disruption could create blind spots in transaction data.
c) Exchange or Service Outage: A major Bitcoin exchange or wallet service might have experienced downtime, temporarily halting a significant portion of network transactions.

3. Possible Legitimate Explanations:
a) Data Anomaly: The ""nan"" value could be a result of a glitch or error in the data collection or reporting system, rather than an actual lack of transactions. Further investigation into the data source and integrity is warranted.
b) Planned Maintenance: If a major Bitcoin service provider or infrastructure operator had scheduled maintenance or upgrades during this time, it could have caused a brief lull in transactions. However, a complete absence of transactions would still be unusual.

4. Final Summary and Recommendation:
Based on the highly anomalous nature of the transaction data and the potential for malicious activity, I recommend flagging this event for further investigation. The complete lack of transaction count data over a 5-minute window is a strong indicator of network disruption, which could stem from an attack, critical outage, or data integrity issue. Immediate steps should include:
a) Verifying the accuracy and reliability of the data source
b) Examining network health metrics and node connectivity during the specified timeframe
c) Investigating potential outages or incidents at major exchanges and service providers
d) Analyzing mempool and block data for signs of spam transactions or other network manipulation attempts

Given the severity of the anomaly and the need to maintain network integrity, a thorough investigation is strongly advised to identify the underlying cause and take appropriate mitigation measures."
0,2025-05-11 00:23:00,2025-05-11 00:24:00,,"Bitcoin Transaction Pattern Analysis Report

1. Statistical Comparison to Network Norms
The provided transaction summary data shows higher than usual average transaction value ($1,837,667) compared to Bitcoin's historical norms. The average fee of $1,014 is also elevated. However, the fee-to-value ratio of 0.13% is not abnormal. The high input count (14.37) and low output count (2.21) deviate significantly from typical transaction patterns, where most legitimate transactions have fewer inputs and more outputs on average. The transaction size of 1,743 bytes is moderately large but not exceptional.

2. Potential Suspicious Behavior Patterns  
- Fund dispersion: The high input count and low output count could indicate a pattern of consolidating funds from many addresses into fewer addresses. This sometimes precedes further dispersion to ""cash out"" or obfuscate fund flows.
- Mixer or tumbler activity: Combining many inputs and splitting to few outputs is characteristic of Bitcoin mixing services used to break the chain of custody. Large transaction amounts reinforce this possibility.
- Dusting attack: The large number of inputs could theoretically include many small ""dust"" amounts sent to target addresses to deanonymize them. However, the high average transaction value makes this less likely.

3. Potential Legitimate Explanations
- Consolidation of exchange hot wallet: A large exchange may be aggregating many customer deposit UTXOs into a single hot wallet address for liquidity management. This would create a similar signature.
- High-value user moving funds: A whale or institutional investor could be shifting a large balance, consolidating from many addresses they control to secure storage. The higher fees suggest urgency.
- Batched transactions: A service batching many user transactions to save on fees would also aggregate many inputs into few outputs. However, the"
18,2025-05-11 22:30:00,2025-05-11 22:31:00,,"Transaction Activity Report
Window: 2025-05-11 22:30:00 to 2025-05-11 22:31:00

1. Statistical Anomalies
Average transaction value of 6,222,293 BTC is extremely high, over 1000x the typical transaction size based on historical norms. The average fee of 316 satoshis is not unusual. The fee to value ratio of 0.019% is lower than typical, suggesting these high value transactions are not paying a premium fee, which is suspicious. Input and output counts are within normal ranges. Transaction size of 513 bytes is not unusual.

In summary, the transaction values stand out as exceptionally large outliers warranting further scrutiny. The low fee ratio on such high value transfers is also a red flag.

2. Suspicious Behavior Patterns  
- Fund dispersion: The high transaction values being split into multiple outputs could indicate funds being broken up and sent to many destinations. This is a common pattern for mixing, money laundering, or distributing ransomware payments.
- Possible mixing: Combining multiple inputs into large transactions and dispersing them is a signature of bitcoin mixers or tumblers obfuscating fund origins.
- Smurfing: The similar sized high-value transactions in a short time window fits a pattern of smurfing, where large sums are broken into smaller amounts to evade detection.

3. Potential Legitimate Explanations
- Large OTC trades: It's possible these high value transfers represent legitimate over-the-counter trades between big players like institutions or whales.
- Exchange settlements: Transactions could be internal transfers or settlements between cryptocurrency exchanges or OTC desks. 
- Single entity consolidating UTXOs: A bitcoin owner may be consolidating many smaller UTXOs they control into a"
3,2025-05-14 19:23:00,2025-05-14 19:24:00,,"Bitcoin On-Chain Analytics Report

1. Statistical Anomaly Detection
The provided transaction activity window exhibits several noteworthy deviations from Bitcoin's typical network behavior:
- The average transaction value of 99,163,867 sats (0.99 BTC) is significantly higher than the long-term network average of ~0.5 BTC per transaction. This could indicate unusually large value transfers.
- The average fee of 986 sats is lower than typical for high-value transactions, resulting in a very low fee-to-value ratio of 0.076%. This ratio is well below historical norms of 0.1-0.5% for economically important transactions.
- The input and output counts of 2.28 and 2.92 respectively are not abnormal in isolation but may suggest transactions are splitting funds across multiple recipients.

2. Suspicious Pattern Matching
This activity loosely fits the profile of a ""dispersion"" pattern, where a relatively small number of high-value inputs are split across a larger set of outputs. Potential illicit use cases include:
- Mixing/tumbling: Attempting to obfuscate coin history by routing funds through multiple outputs and later re-aggregating them.
- Structuring: Systematically breaking up large balances to evade automated flagging systems that detect single large transfers.
- Peeling chains: Repeatedly spending small amounts from a larger UTXO over time to avoid moving the full balance at once.

3. Potential Legitimate Causes
Plausible benign explanations for the observed metrics include:
- Batched payouts: An exchange or other entity conducting many customer withdrawals in consolidated transactions. This would result in high total values and output counts.
- Sweeping of old/dust UTXOs: Consolidation"
23,2025-05-11 17:27:00,2025-05-11 17:28:00,,"Bitcoin Transaction Analysis Report

1. Statistical Comparison to Historical Norms
The provided transaction activity data shows several notable deviations from Bitcoin's typical network-wide averages:
- The average transaction value of 21,596,321 satoshis (~0.216 BTC) is significantly higher than the long-term average of around 1-2 BTC per transaction. This could indicate large value transfers.
- The average fee of 386 satoshis is low compared to historical norms, especially for high value transactions which typically pay higher fees for faster confirmation. Low fees may be used to avoid drawing attention.
- The average input and output counts of 1.7 and 2.18 respectively are not abnormal. Most transactions have 1-2 inputs and 2-3 outputs.
- The average transaction size of 585 bytes is typical, not indicating any unusual data inclusions or structures.

2. Potentially Matching Suspicious Patterns  
- The high average value may fit the pattern of a ""big value transfer"" where large amounts of BTC are moved, possibly to exchanges or new wallets. This can occur when repositioning funds or cashing out.
- Combining high value with low fees is sometimes used by mixers and tumblers to avoid standing out while moving large sums. Mixers aim to obscure sources of funds.
- The 1 minute window of focused high value activity could indicate a ""fund distribution"" pattern where a large sum is split and sent to many destinations, often as part of dispersing holdings or sending proceeds to cash out points.

3. Potential Legitimate Explanations
- The high transaction values may be from a legitimate high net worth individual, institutional investor, or corporation moving a large balance for normal business purposes. 
- Batched transactions from an exchange or wallet provider"
19,2025-05-12 21:57:00,2025-05-12 21:58:00,,"Blockchain Forensic Analysis Report

1. Statistical Anomalies:
The provided transaction activity shows several deviations from Bitcoin's historical norms:
- The average transaction value of 135,976,895 satoshis (1.36 BTC) is significantly higher than the long-term network average of ~1-2 BTC per transaction. This suggests the involvement of large-value transfers.
- The average fee of 1,018 satoshis is low compared to typical fee rates, especially for high-value transactions during periods of network congestion. This may indicate the use of techniques to minimize fees.
- The average input and output counts of 2.33 and 2.87 respectively are slightly elevated compared to typical patterns of 1-2 inputs/outputs per transaction. This could reflect efforts to obfuscate fund flows.

2. Suspicious Behavior Patterns:
The combination of high transaction values, low fees, and elevated input/output counts is consistent with several known suspicious activities on the Bitcoin network:
- The use of mixing services to obscure the origin and break the linkage of funds, leveraging multiple inputs and outputs.
- Possible attempts at a dusting attack, sending small amounts of BTC to many addresses to deanonymize them by linking them together.
- Rapid dispersion of a large sum into smaller amounts sent to multiple addresses, potentially for money laundering or to evade detection.
- Transactions crafted to achieve lower fees despite high value, such as using many small inputs, possibly to avoid triggering alerts.

3. Plausible Legitimate Causes:
While the patterns raise suspicions, there are some legitimate scenarios that could explain the activity:
- Batched transactions from an exchange or trading desk executing multiple high-value client withdrawals while optimizing for fees.
-"
18,2025-05-17 10:07:00,2025-05-17 10:08:00,,"Bitcoin On-Chain Activity Report

1. Statistical Abnormality Assessment
The provided transaction summary shows an average transaction value of 71,920,352 satoshis (0.719 BTC) over a 1-minute window. This is significantly higher than Bitcoin's historical average transaction value of ~2 BTC. The average fee of 1,223 satoshis is not unusually high. The fee-to-value ratio of 0.04% is lower than typical, suggesting high-value transactions are not paying a premium fee rate. Input and output counts are slightly elevated but not extreme outliers. Overall transaction size is modestly higher than average.

In summary, the standout abnormal metric is the high average transaction value concentrated in a short time window. This warrants further pattern analysis.

2. Potential Suspicious Patterns  
The high-value transactions with low fee rates could fit several suspicious patterns:
- Mixing or tumbling services consolidating ""clean"" coins after mixing rounds
- Whale movements between exchanges or large wallets, exploiting low fee periods
- Purposeful chain congestion by flooding high-value transactions 
- Dispersion of funds to many recipients after a hack or raid on an exchange/service

The elevated input and output counts lean more toward post-mixing consolidation or fund dispersion behaviors. Timing should be correlated with known mixing rounds or security incidents.

3. Potential Legitimate Explanations
Plausible legitimate scenarios that could generate this pattern:
- Exchange hot wallet consolidation during low-fee windows
- Large OTC trades settled on-chain during favorable fee periods
- High-value cross-border remittances or business transactions
- Miner or mining pool payouts bunched into efficient batches

However, the value is high even for most legitimate whale-level activities. Legitimate transactions"
12,2025-05-14 17:04:00,2025-05-14 17:05:00,,"Forensic Analysis Report: Suspicious Bitcoin Transaction Activity

1. Statistical Anomalies:
The provided transaction summary shows several metrics that deviate significantly from Bitcoin's typical network behavior:
- The average transaction value of 244,564,380 satoshis (~2.45 BTC) is orders of magnitude higher than the long-term average of around 0.5-2 BTC per transaction. This suggests unusually large amounts being moved.
- The average fee of 1290 satoshis is low relative to the transaction value, with a fee-to-value ratio of only 0.03%. Historically, ratios of 0.1-1% are more common. The low fees may indicate intentional fee manipulation.
- The high average output count of 4.02 is notable. Most transactions have 1-2 outputs. Having 4+ on average could reflect intentional obfuscation by distributing funds across many addresses.

2. Suspicious Pattern Matching:
This activity raises red flags for potential:
- Mixing/tumbling services: The high output count and large transaction values fit the profile of mixers that aggregate and disperse funds to obscure their trail.  
- Structured transactions: Consistently high-value transactions just under typical exchange/monitoring thresholds could reflect attempts to evade automated detection.
- Micro-structuring or ""smurfing"": The low average input count (1.98) but high output count (4.02) might indicate intentionally sharding larger sums into smaller transactions to avoid scrutiny.

3. Potential Legitimate Explanations:
- Large OTC trades or block sales occasionally occur off-exchange and could produce similar metrics if conducted within a short timeframe. 
- Batched transactions from high-volume entities like exchanges or payment processors may aggregate many"
